name,position,id,location,manager,email,fill,stroke,refs,url,image
Evan Miller,CFO,emi,Office 1,,me@example.com,#dae8fc,#6c8ebf,,https://app.diagrams.net,https://cdn3.iconfinder.com/data/icons/user-avatars-1/512/users-9-2-128.png
Edward Morrison,Brand Manager,emo,Office 2,Evan Miller,me@example.com,#d5e8d4,#82b366,,https://app.diagrams.net,https://cdn3.iconfinder.com/data/icons/user-avatars-1/512/users-10-3-128.png
Ron Donovan,System Admin,rdo,Office 3,Evan Miller,me@example.com,#d5e8d4,#82b366,"emo,tva",https://app.diagrams.net,https://cdn3.iconfinder.com/data/icons/user-avatars-1/512/users-2-128.png
Tessa Valet,HR Director,tva,Office 4,Evan Miller,me@example.com,#d5e8d4,#82b366,,https://app.diagrams.net,https://cdn3.iconfinder.com/data/icons/user-avatars-1/512/users-3-128.png
